12S-fish	KSF	ACACACAC:ACACACAC	ACTGGGATTAGATACCCC	TAGAACAGGCTCCTCTAG	F	@
12S-fish	KS20	ACACAGCA:ACACAGCA	ACTGGGATTAGATACCCC	TAGAACAGGCTCCTCTAG	F	@
12S-fish	KS21	AGCGCTCG:AGCGCTCG	ACTGGGATTAGATACCCC	TAGAACAGGCTCCTCTAG	F	@
12S-fish	KS22	GCGACGTG:GCGACGTG	ACTGGGATTAGATACCCC	TAGAACAGGCTCCTCTAG	F	@
12S-fish	KS23	GTGATGAG:GTGATGAG	ACTGGGATTAGATACCCC	TAGAACAGGCTCCTCTAG	F	@
12S-fish	KS24	ATGTCGAG:ATGTCGAG	ACTGGGATTAGATACCCC	TAGAACAGGCTCCTCTAG	F	@
12S-fish	KS25	ACACATGT:ACACATGT	ACTGGGATTAGATACCCC	TAGAACAGGCTCCTCTAG	F	@
12S-fish	KSP	ACACGACG:ACACGACG	ACTGGGATTAGATACCCC	TAGAACAGGCTCCTCTAG	F	@
12S-fish	KS26	TGCTCGAT:TGCTCGAT	ACTGGGATTAGATACCCC	TAGAACAGGCTCCTCTAG	F	@
12S-fish	KSD	TCGTGCTC:TCGTGCTC	ACTGGGATTAGATACCCC	TAGAACAGGCTCCTCTAG	F	@
12S-fish	KS27	GTACGCTG:GTACGCTG	ACTGGGATTAGATACCCC	TAGAACAGGCTCCTCTAG	F	@
12S-fish	KS29	ACACGCGA:ACACGCGA	ACTGGGATTAGATACCCC	TAGAACAGGCTCCTCTAG	F	@
12S-fish	KS30	ATGTCTGC:ATGTCTGC	ACTGGGATTAGATACCCC	TAGAACAGGCTCCTCTAG	F	@
12S-fish	KSN	GTGCAGAC:GTGCAGAC	ACTGGGATTAGATACCCC	TAGAACAGGCTCCTCTAG	F	@
12S-fish	KSE	TAGCAGTG:TAGCAGTG	ACTGGGATTAGATACCCC	TAGAACAGGCTCCTCTAG	F	@
