12S-fish	KWF	ACACACAC:ACACACAC	ACTGGGATTAGATACCCC	TAGAACAGGCTCCTCTAG	F	@
12S-fish	KW20	ACACAGCA:ACACAGCA	ACTGGGATTAGATACCCC	TAGAACAGGCTCCTCTAG	F	@
12S-fish	KW21	AGCGCTCG:AGCGCTCG	ACTGGGATTAGATACCCC	TAGAACAGGCTCCTCTAG	F	@
12S-fish	KW22	GCGACGTG:GCGACGTG	ACTGGGATTAGATACCCC	TAGAACAGGCTCCTCTAG	F	@
12S-fish	KW23	GTGATGAG:GTGATGAG	ACTGGGATTAGATACCCC	TAGAACAGGCTCCTCTAG	F	@
12S-fish	KW24	ATGTCGAG:ATGTCGAG	ACTGGGATTAGATACCCC	TAGAACAGGCTCCTCTAG	F	@
12S-fish	KW25	ACACATGT:ACACATGT	ACTGGGATTAGATACCCC	TAGAACAGGCTCCTCTAG	F	@
12S-fish	KWP	ACACGACG:ACACGACG	ACTGGGATTAGATACCCC	TAGAACAGGCTCCTCTAG	F	@
12S-fish	KW26	ACACTAGC:ACACTAGC	ACTGGGATTAGATACCCC	TAGAACAGGCTCCTCTAG	F	@
12S-fish	KWD	TCATACGT:TCATACGT	ACTGGGATTAGATACCCC	TAGAACAGGCTCCTCTAG	F	@
12S-fish	KW27	TGCTGCAC:TGCTGCAC	ACTGGGATTAGATACCCC	TAGAACAGGCTCCTCTAG	F	@
12S-fish	KW28	GTGCGACG:GTGCGACG	ACTGGGATTAGATACCCC	TAGAACAGGCTCCTCTAG	F	@
12S-fish	KW29	CGATACAC:CGATACAC	ACTGGGATTAGATACCCC	TAGAACAGGCTCCTCTAG	F	@
12S-fish	KW30	GTCACAGA:GTCACAGA	ACTGGGATTAGATACCCC	TAGAACAGGCTCCTCTAG	F	@
12S-fish	KWN	TACTCTCG:TACTCTCG	ACTGGGATTAGATACCCC	TAGAACAGGCTCCTCTAG	F	@
12S-fish	KWE	GAGTACAG:GAGTACAG	ACTGGGATTAGATACCCC	TAGAACAGGCTCCTCTAG	F	@
