12S-fish	RSF	ACACACAC:ACACACAC	ACTGGGATTAGATACCCC	TAGAACAGGCTCCTCTAG	F	@
12S-fish	RS01	ACACAGCA:ACACAGCA	ACTGGGATTAGATACCCC	TAGAACAGGCTCCTCTAG	F	@
12S-fish	RS02	AGCGCTCG:AGCGCTCG	ACTGGGATTAGATACCCC	TAGAACAGGCTCCTCTAG	F	@
12S-fish	RS03	GCGACGTG:GCGACGTG	ACTGGGATTAGATACCCC	TAGAACAGGCTCCTCTAG	F	@
12S-fish	RS04	GTGATGAG:GTGATGAG	ACTGGGATTAGATACCCC	TAGAACAGGCTCCTCTAG	F	@
12S-fish	RS05	ATGTCGAG:ATGTCGAG	ACTGGGATTAGATACCCC	TAGAACAGGCTCCTCTAG	F	@
12S-fish	RS06	ACACATGT:ACACATGT	ACTGGGATTAGATACCCC	TAGAACAGGCTCCTCTAG	F	@
12S-fish	RSP	ACACGACG:ACACGACG	ACTGGGATTAGATACCCC	TAGAACAGGCTCCTCTAG	F	@
12S-fish	RS07	TGCTCGAT:TGCTCGAT	ACTGGGATTAGATACCCC	TAGAACAGGCTCCTCTAG	F	@
12S-fish	RSD	TCGTGCTC:TCGTGCTC	ACTGGGATTAGATACCCC	TAGAACAGGCTCCTCTAG	F	@
12S-fish	RS08	GTACGCTG:GTACGCTG	ACTGGGATTAGATACCCC	TAGAACAGGCTCCTCTAG	F	@
12S-fish	RS09	ACACGCGA:ACACGCGA	ACTGGGATTAGATACCCC	TAGAACAGGCTCCTCTAG	F	@
12S-fish	RS10	ATGTCTGC:ATGTCTGC	ACTGGGATTAGATACCCC	TAGAACAGGCTCCTCTAG	F	@
12S-fish	RS11	GTGCAGAC:GTGCAGAC	ACTGGGATTAGATACCCC	TAGAACAGGCTCCTCTAG	F	@
12S-fish	RSN	TAGCAGTG:TAGCAGTG	ACTGGGATTAGATACCCC	TAGAACAGGCTCCTCTAG	F	@
12S-fish	RS12	GCGAGTAG:GCGAGTAG	ACTGGGATTAGATACCCC	TAGAACAGGCTCCTCTAG	F	@
12S-fish	RS13	ACACTAGC:ACACTAGC	ACTGGGATTAGATACCCC	TAGAACAGGCTCCTCTAG	F	@
12S-fish	RS14	TCATACGT:TCATACGT	ACTGGGATTAGATACCCC	TAGAACAGGCTCCTCTAG	F	@
12S-fish	RS15	TGCTGCAC:TGCTGCAC	ACTGGGATTAGATACCCC	TAGAACAGGCTCCTCTAG	F	@
12S-fish	RS16	GTGCGACG:GTGCGACG	ACTGGGATTAGATACCCC	TAGAACAGGCTCCTCTAG	F	@
12S-fish	RS17	CGATACAC:CGATACAC	ACTGGGATTAGATACCCC	TAGAACAGGCTCCTCTAG	F	@
12S-fish	RS18	GTCACAGA:GTCACAGA	ACTGGGATTAGATACCCC	TAGAACAGGCTCCTCTAG	F	@
12S-fish	RS19	TACTCTCG:TACTCTCG	ACTGGGATTAGATACCCC	TAGAACAGGCTCCTCTAG	F	@
12S-fish	RSE	GAGTACAG:GAGTACAG	ACTGGGATTAGATACCCC	TAGAACAGGCTCCTCTAG	F	@
