12S-fish	RWF	ACACACAC:ACACACAC	ACTGGGATTAGATACCCC	TAGAACAGGCTCCTCTAG	F	@
12S-fish	RW01	ACACAGCA:ACACAGCA	ACTGGGATTAGATACCCC	TAGAACAGGCTCCTCTAG	F	@
12S-fish	RW02	AGCGCTCG:AGCGCTCG	ACTGGGATTAGATACCCC	TAGAACAGGCTCCTCTAG	F	@
12S-fish	RW03	GCGACGTG:GCGACGTG	ACTGGGATTAGATACCCC	TAGAACAGGCTCCTCTAG	F	@
12S-fish	RW04	GTGATGAG:GTGATGAG	ACTGGGATTAGATACCCC	TAGAACAGGCTCCTCTAG	F	@
12S-fish	RW05	ATGTCGAG:ATGTCGAG	ACTGGGATTAGATACCCC	TAGAACAGGCTCCTCTAG	F	@
12S-fish	RW06	ACACATGT:ACACATGT	ACTGGGATTAGATACCCC	TAGAACAGGCTCCTCTAG	F	@
12S-fish	RWP	ACACGACG:ACACGACG	ACTGGGATTAGATACCCC	TAGAACAGGCTCCTCTAG	F	@
12S-fish	RW07	TGCTCGAT:TGCTCGAT	ACTGGGATTAGATACCCC	TAGAACAGGCTCCTCTAG	F	@
12S-fish	RWD	TCGTGCTC:TCGTGCTC	ACTGGGATTAGATACCCC	TAGAACAGGCTCCTCTAG	F	@
12S-fish	RW08	GTACGCTG:GTACGCTG	ACTGGGATTAGATACCCC	TAGAACAGGCTCCTCTAG	F	@
12S-fish	RW09	ACACGCGA:ACACGCGA	ACTGGGATTAGATACCCC	TAGAACAGGCTCCTCTAG	F	@
12S-fish	RW10	ATGTCTGC:ATGTCTGC	ACTGGGATTAGATACCCC	TAGAACAGGCTCCTCTAG	F	@
12S-fish	RW11	GTGCAGAC:GTGCAGAC	ACTGGGATTAGATACCCC	TAGAACAGGCTCCTCTAG	F	@
12S-fish	RWN	TAGCAGTG:TAGCAGTG	ACTGGGATTAGATACCCC	TAGAACAGGCTCCTCTAG	F	@
12S-fish	RW12	GCGAGTAG:GCGAGTAG	ACTGGGATTAGATACCCC	TAGAACAGGCTCCTCTAG	F	@
12S-fish	RW13	ACACTAGC:ACACTAGC	ACTGGGATTAGATACCCC	TAGAACAGGCTCCTCTAG	F	@
12S-fish	RW14	TCATACGT:TCATACGT	ACTGGGATTAGATACCCC	TAGAACAGGCTCCTCTAG	F	@
12S-fish	RW15	TGCTGCAC:TGCTGCAC	ACTGGGATTAGATACCCC	TAGAACAGGCTCCTCTAG	F	@
12S-fish	RW16	GTGCGACG:GTGCGACG	ACTGGGATTAGATACCCC	TAGAACAGGCTCCTCTAG	F	@
12S-fish	RW17	CGATACAC:CGATACAC	ACTGGGATTAGATACCCC	TAGAACAGGCTCCTCTAG	F	@
12S-fish	RW18	GTCACAGA:GTCACAGA	ACTGGGATTAGATACCCC	TAGAACAGGCTCCTCTAG	F	@
12S-fish	RW19	TACTCTCG:TACTCTCG	ACTGGGATTAGATACCCC	TAGAACAGGCTCCTCTAG	F	@
12S-fish	RWE	GAGTACAG:GAGTACAG	ACTGGGATTAGATACCCC	TAGAACAGGCTCCTCTAG	F	@
