12S-fish	ZS13	ACACACAC:ACACACAC	ACTGGGATTAGATACCCC	TAGAACAGGCTCCTCTAG	F	@
12S-fish	ZS14	ACACAGCA:ACACAGCA	ACTGGGATTAGATACCCC	TAGAACAGGCTCCTCTAG	F	@
12S-fish	ZSE	AGCGCTCG:AGCGCTCG	ACTGGGATTAGATACCCC	TAGAACAGGCTCCTCTAG	F	@
12S-fish	ZS07	TGCTCGAT:TGCTCGAT	ACTGGGATTAGATACCCC	TAGAACAGGCTCCTCTAG	F	@
12S-fish	ZSD	TCGTGCTC:TCGTGCTC	ACTGGGATTAGATACCCC	TAGAACAGGCTCCTCTAG	F	@
12S-fish	ZS08	GTACGCTG:GTACGCTG	ACTGGGATTAGATACCCC	TAGAACAGGCTCCTCTAG	F	@
12S-fish	ZS09	ACACGCGA:ACACGCGA	ACTGGGATTAGATACCCC	TAGAACAGGCTCCTCTAG	F	@
12S-fish	ZS10	ATGTCTGC:ATGTCTGC	ACTGGGATTAGATACCCC	TAGAACAGGCTCCTCTAG	F	@
12S-fish	ZS11	GTGCAGAC:GTGCAGAC	ACTGGGATTAGATACCCC	TAGAACAGGCTCCTCTAG	F	@
12S-fish	ZSN	TAGCAGTG:TAGCAGTG	ACTGGGATTAGATACCCC	TAGAACAGGCTCCTCTAG	F	@
12S-fish	ZS12	GCGAGTAG:GCGAGTAG	ACTGGGATTAGATACCCC	TAGAACAGGCTCCTCTAG	F	@
12S-fish	ZSF	ACACTAGC:ACACTAGC	ACTGGGATTAGATACCCC	TAGAACAGGCTCCTCTAG	F	@
12S-fish	ZS01	TCATACGT:TCATACGT	ACTGGGATTAGATACCCC	TAGAACAGGCTCCTCTAG	F	@
12S-fish	ZS02	TGCTGCAC:TGCTGCAC	ACTGGGATTAGATACCCC	TAGAACAGGCTCCTCTAG	F	@
12S-fish	ZS03	GTGCGACG:GTGCGACG	ACTGGGATTAGATACCCC	TAGAACAGGCTCCTCTAG	F	@
12S-fish	ZS04	CGATACAC:CGATACAC	ACTGGGATTAGATACCCC	TAGAACAGGCTCCTCTAG	F	@
12S-fish	ZS05	GTCACAGA:GTCACAGA	ACTGGGATTAGATACCCC	TAGAACAGGCTCCTCTAG	F	@
12S-fish	ZS06	TACTCTCG:TACTCTCG	ACTGGGATTAGATACCCC	TAGAACAGGCTCCTCTAG	F	@
12S-fish	ZSP	GAGTACAG:GAGTACAG	ACTGGGATTAGATACCCC	TAGAACAGGCTCCTCTAG	F	@
